year,state,state_po,dem_votes,gop_votes,dem_share
1976,ALABAMA,AL,659170,504070,0.5666672397785496
1976,ALASKA,AK,44058,71555,0.38108171226419174
1976,ARIZONA,AZ,295602,418642,0.41386696983103816
1976,ARKANSAS,AR,498604,267903,0.6504885147819915
1976,CALIFORNIA,CA,3742284,3882244,0.49082172693181797
1976,COLORADO,CO,460801,584278,0.4409245616838536
1976,CONNECTICUT,CT,647895,719261,0.4738998329378652
1976,DELAWARE,DE,122461,109780,0.527301380893124
1976,DISTRICT OF COLUMBIA,DC,137818,27873,0.8317772238685264
1976,FLORIDA,FL,1636000,1469531,0.526802018720792
1976,GEORGIA,GA,979409,483743,0.6693829485931742
1976,HAWAII,HI,147375,140003,0.5128263123829938
1976,IDAHO,ID,126549,204151,0.38267009374055033
1976,ILLINOIS,IL,2271295,2364269,0.4899716625636061
1976,INDIANA,IN,1014714,1183958,0.46151222192305175
1976,IOWA,IA,619931,632864,0.4948383414684765
1976,KANSAS,KS,430421,502752,0.4612445923746186
1976,KENTUCKY,KY,615717,531852,0.5365402864664347
1976,LOUISIANA,LA,661365,587446,0.5295957514788067
1976,MAINE,ME,232279,236320,0.49568821102904614
1976,MARYLAND,MD,759612,672661,0.5303541992343639
1976,MASSACHUSETTS,MA,1429475,1030276,0.5811462217110593
1976,MICHIGAN,MI,1696714,1893742,0.4725622595013001
1976,MINNESOTA,MN,1070440,819395,0.566419819719711
1976,MISSISSIPPI,MS,381329,366846,0.509678885287533
1976,MISSOURI,MO,998387,927443,0.5184190712575877
1976,MONTANA,MT,149259,173703,0.46215653854013783
1976,NEBRASKA,NE,233293,359219,0.39373548552603155
1976,NEVADA,NV,92479,101273,0.4773060407118378
1976,NEW HAMPSHIRE,NH,147645,185935,0.44260747047185084
1976,NEW JERSEY,NJ,1444653,1509688,0.48899331526049294
1976,NEW MEXICO,NM,201148,211419,0.4875523248345117
1976,NEW YORK,NY,3244165,2825913,0.534451946087019
1976,NORTH CAROLINA,NC,927365,741960,0.5555329249846495
1976,NORTH DAKOTA,ND,136078,153684,0.4696198949482679
1976,OHIO,OH,2009959,2000626,0.5011635459664862
1976,OKLAHOMA,OK,532442,545708,0.49384779483374297
1976,OREGON,OR,490407,492120,0.4991282682307967
1976,PENNSYLVANIA,PA,2328677,2205604,0.513571390921736
1976,RHODE ISLAND,RI,227636,181249,0.5567237731880602
1976,SOUTH CAROLINA,SC,450807,346149,0.565661090449159
1976,SOUTH DAKOTA,SD,147068,151505,0.4925696563319523
1976,TENNESSEE,TN,825879,633969,0.5657294458053167
1976,TEXAS,TX,2082319,1953300,0.5159850322837711
1976,UTAH,UT,182110,337908,0.35019941617405553
1976,VERMONT,VT,77798,100387,0.43661363189943037
1976,VIRGINIA,VA,813896,836554,0.4931358114453634
1976,WASHINGTON,WA,717323,777732,0.47979706432204833
1976,WEST VIRGINIA,WV,435864,314726,0.5806951864533234
1976,WISCONSIN,WI,1040232,1004987,0.5086164366749967
1976,WYOMING,WY,62239,92717,0.40165595394821757
1980,ALABAMA,AL,636730,654192,0.49323661692960535
1980,ALASKA,AK,41842,86112,0.32700814355158886
1980,ARIZONA,AZ,246843,529688,0.3178791316766491
1980,ARKANSAS,AR,398041,403164,0.4968029405707653
1980,CALIFORNIA,CA,3082943,4522994,0.4053337544079053
1980,COLORADO,CO,368009,652264,0.36069659787135405
1980,CONNECTICUT,CT,541732,677210,0.4444280367728735
1980,DELAWARE,DE,105754,111252,0.48733214749822584
1980,DISTRICT OF COLUMBIA,DC,130231,23313,0.8481673005783359
1980,FLORIDA,FL,1419475,2046951,0.4094923705280309
1980,GEORGIA,GA,890955,654168,0.5766239969245167
1980,HAWAII,HI,135879,130112,0.510840592350869
1980,IDAHO,ID,110192,290699,0.2748677321266878
1980,ILLINOIS,IL,1981413,2358049,0.45660337617889035
1980,INDIANA,IN,844197,1255656,0.4020267132985023
1980,IOWA,IA,508672,676026,0.42936849728791643
1980,KANSAS,KS,326150,566812,0.3652451056147966
1980,KENTUCKY,KY,617417,635274,0.4928725439873041
1980,LOUISIANA,LA,708453,792853,0.4718911401140074
1980,MAINE,ME,220974,238522,0.4809051656597664
1980,MARYLAND,MD,726161,680606,0.516191380662185
1980,MASSACHUSETTS,MA,1053802,1057631,0.49909326983143676
1980,MICHIGAN,MI,1661532,1915225,0.46453589103201587
1980,MINNESOTA,MN,954173,873268,0.5221361455718679
1980,MISSISSIPPI,MS,429281,441089,0.4932166779645438
1980,MISSOURI,MO,931182,1074181,0.4643458565855658
1980,MONTANA,MT,118032,206814,0.36334755545704733
1980,NEBRASKA,NE,166424,419214,0.2841755487178086
1980,NEVADA,NV,66666,155017,0.3007267133699923
1980,NEW HAMPSHIRE,NH,108864,221705,0.3293230762715197
1980,NEW JERSEY,NJ,1147364,1546557,0.4259085548536872
1980,NEW MEXICO,NM,167826,250779,0.4009173325688895
1980,NEW YORK,NY,2728372,2637700,0.5084486380354196
1980,NORTH CAROLINA,NC,875635,915018,0.4890031737025543
1980,NORTH DAKOTA,ND,79189,193695,0.2901929024787089
1980,OHIO,OH,1752414,2206545,0.4426451498992538
1980,OKLAHOMA,OK,402026,695570,0.366278667196309
1980,OREGON,OR,456890,571044,0.44447406156426383
1980,PENNSYLVANIA,PA,1937540,2261872,0.46138364132883364
1980,RHODE ISLAND,RI,198342,154793,0.5616605547453524
1980,SOUTH CAROLINA,SC,428220,439277,0.4936270672982154
1980,SOUTH DAKOTA,SD,103855,198343,0.3436654114190034
1980,TENNESSEE,TN,783051,787761,0.4985007753951459
1980,TEXAS,TX,1881147,2510705,0.4283265920618454
1980,UTAH,UT,124266,439687,0.22034814957984086
1980,VERMONT,VT,81952,94628,0.4641069203760335
1980,VIRGINIA,VA,752174,989609,0.4318413947087553
1980,WASHINGTON,WA,650193,865244,0.429046539051112
1980,WEST VIRGINIA,WV,367462,334206,0.5236978172012975
1980,WISCONSIN,WI,981584,1088845,0.4740969142143971
1980,WYOMING,WY,49427,110700,0.3086737402187014
1984,ALABAMA,AL,551899,872849,0.38736604648681733
1984,ALASKA,AK,62007,138377,0.30944087352283617
1984,ARIZONA,AZ,333854,681416,0.3288327242999399
1984,ARKANSAS,AR,338646,534774,0.3877241189805592
1984,CALIFORNIA,CA,3922519,5467009,0.41775465177802334
1984,COLORADO,CO,454975,821817,0.356342301643494
1984,CONNECTICUT,CT,569597,890877,0.39000831236981964
1984,DELAWARE,DE,101656,152190,0.40046327300804424
1984,DISTRICT OF COLUMBIA,DC,180408,29009,0.8614773394710076
1984,FLORIDA,FL,1448816,2730350,0.34667586786454524
1984,GEORGIA,GA,706628,1068722,0.398021798518602
1984,HAWAII,HI,147154,185050,0.442962757823506
1984,IDAHO,ID,108510,297523,0.2672442880258501
1984,ILLINOIS,IL,2086499,2707103,0.4352674669277925
1984,INDIANA,IN,841481,1377230,0.37926570878316285
1984,IOWA,IA,605620,703088,0.4627617466997986
1984,KANSAS,KS,333149,677296,0.3297052288843034
1984,KENTUCKY,KY,539539,821702,0.39635817610548024
1984,LOUISIANA,LA,651586,1037299,0.3858083883745785
1984,MAINE,ME,214515,336500,0.38930882099398384
1984,MARYLAND,MD,787935,879918,0.4724247280785537
1984,MASSACHUSETTS,MA,1239606,1310936,0.48601669762740624
1984,MICHIGAN,MI,1529638,2251571,0.40453675001831424
1984,MINNESOTA,MN,1036364,1032603,0.5009089076819495
1984,MISSISSIPPI,MS,352192,582377,0.3768496494105839
1984,MISSOURI,MO,848583,1274188,0.39975249332122964
1984,MONTANA,MT,146742,232450,0.38698601236313
1984,NEBRASKA,NE,187866,460054,0.28995246326707
1984,NEVADA,NV,91655,188770,0.3268431844521708
1984,NEW HAMPSHIRE,NH,120347,267050,0.31065547745594313
1984,NEW JERSEY,NJ,1261323,1933630,0.39478608918503655
1984,NEW MEXICO,NM,201769,307101,0.39650401870811797
1984,NEW YORK,NY,3001285,3376519,0.47058282129711104
1984,NORTH CAROLINA,NC,824287,1346481,0.3797213705011314
1984,NORTH DAKOTA,ND,104429,200336,0.3426541761685233
1984,OHIO,OH,1825440,2678559,0.40529316280931676
1984,OKLAHOMA,OK,385080,861530,0.3089017415230104
1984,OREGON,OR,536479,685700,0.43895288660662635
1984,PENNSYLVANIA,PA,2228131,2584323,0.4629926852287835
1984,RHODE ISLAND,RI,197106,212080,0.48170269755074707
1984,SOUTH CAROLINA,SC,344459,615539,0.3588122058587622
1984,SOUTH DAKOTA,SD,116113,200267,0.3670048675643214
1984,TENNESSEE,TN,711714,990212,0.4181815190554701
1984,TEXAS,TX,1949276,3433428,0.36213694826986587
1984,UTAH,UT,155369,469105,0.24879978990318252
1984,VERMONT,VT,95730,135865,0.41335089272220904
1984,VIRGINIA,VA,796250,1337078,0.3732431206078015
1984,WASHINGTON,WA,798352,1051670,0.4315364898363371
1984,WEST VIRGINIA,WV,328125,405483,0.44727565675401576
1984,WISCONSIN,WI,995740,1198584,0.45377984290378265
1984,WYOMING,WY,53370,133241,0.28599600237928097
1988,ALABAMA,AL,549506,815576,0.40254431601911095
1988,ALASKA,AK,72584,119251,0.37836682565746604
1988,ARIZONA,AZ,454029,702541,0.39256508469007495
1988,ARKANSAS,AR,349237,466578,0.42808357286884896
1988,CALIFORNIA,CA,4702233,5054917,0.4819268946362411
1988,COLORADO,CO,621453,728177,0.4604617561850285
1988,CONNECTICUT,CT,676584,750241,0.4741884954356701
1988,DELAWARE,DE,108647,139639,0.4375881040413072
1988,DISTRICT OF COLUMBIA,DC,159407,27590,0.8524575260565678
1988,FLORIDA,FL,1656701,2618885,0.38747928354148414
1988,GEORGIA,GA,714792,1081331,0.3979638365523965
1988,HAWAII,HI,192364,158625,0.5480627598015892
1988,IDAHO,ID,147272,253881,0.3671217714936695
1988,ILLINOIS,IL,2215940,2310939,0.4895072300364114
1988,INDIANA,IN,860643,1297763,0.3987400887506799
1988,IOWA,IA,670557,545355,0.5514848114008251
1988,KANSAS,KS,422636,554049,0.4327249829781352
1988,KENTUCKY,KY,580368,734281,0.44146232188211454
1988,LOUISIANA,LA,717460,883702,0.4480870767605027
1988,MAINE,ME,243569,307131,0.4422898129653169
1988,MARYLAND,MD,826304,876167,0.48535569768882997
1988,MASSACHUSETTS,MA,1401415,1194635,0.5398258893318696
1988,MICHIGAN,MI,1675783,1965486,0.46021950039944864
1988,MINNESOTA,MN,1109471,962337,0.5355085992524404
1988,MISSISSIPPI,MS,363921,557890,0.39478917044817213
1988,MISSOURI,MO,1001619,1084953,0.4800308831902278
1988,MONTANA,MT,168936,190412,0.4701181027861572
1988,NEBRASKA,NE,259235,397956,0.39445914505828594
1988,NEVADA,NV,132738,206040,0.39181410835414343
1988,NEW HAMPSHIRE,NH,163696,281537,0.3676636727286612
1988,NEW JERSEY,NJ,1320352,1743192,0.43098842386464825
1988,NEW MEXICO,NM,244497,270341,0.4749008425951464
1988,NEW YORK,NY,3255487,2838414,0.5342205263918793
1988,NORTH CAROLINA,NC,890167,1237258,0.4184246213144999
1988,NORTH DAKOTA,ND,127739,166559,0.4340464427213233
1988,OHIO,OH,1939629,2416549,0.4452593534974925
1988,OKLAHOMA,OK,483423,678367,0.41610187727558334
1988,OREGON,OR,616206,560126,0.5238368079759795
1988,PENNSYLVANIA,PA,2194944,2300087,0.4883045300466226
1988,RHODE ISLAND,RI,225123,177761,0.5587787055331063
1988,SOUTH CAROLINA,SC,370554,606443,0.37927854435581687
1988,SOUTH DAKOTA,SD,145560,165415,0.468076211914141
1988,TENNESSEE,TN,679794,947233,0.4178135949802923
1988,TEXAS,TX,2352748,3036829,0.43653667068862734
1988,UTAH,UT,207343,428442,0.32612125168099276
1988,VERMONT,VT,115775,124331,0.48218286923275555
1988,VIRGINIA,VA,859799,1309162,0.3964105394241759
1988,WASHINGTON,WA,933516,903835,0.5080771175458582
1988,WEST VIRGINIA,WV,341016,310065,0.5237689319762058
1988,WISCONSIN,WI,1126794,1047499,0.5182346629456104
1988,WYOMING,WY,67113,106867,0.38575123577422693
1992,ALABAMA,AL,690080,804283,0.46178873540097015
1992,ALASKA,AK,78294,102000,0.4342573796132983
1992,ARIZONA,AZ,543050,572086,0.48698096016988063
1992,ARKANSAS,AR,505823,337324,0.5999226706612252
1992,CALIFORNIA,CA,5121325,3630574,0.5851672876937908
1992,COLORADO,CO,629681,562850,0.5280206552282498
1992,CONNECTICUT,CT,682318,578313,0.5412511670742668
1992,DELAWARE,DE,126054,102313,0.5519799270472528
1992,DISTRICT OF COLUMBIA,DC,192619,20698,0.9029706961939273
1992,FLORIDA,FL,2071698,2173310,0.48803158910419014
1992,GEORGIA,GA,1008966,995252,0.5034212845109663
1992,HAWAII,HI,179310,136822,0.567199777308213
1992,IDAHO,ID,137013,202645,0.40338516978843425
1992,ILLINOIS,IL,2453350,1734096,0.585882182122468
1992,INDIANA,IN,848420,989375,0.4616510546606123
1992,IOWA,IA,586353,504891,0.5373252911356213
1992,KANSAS,KS,390434,449951,0.4645894441238242
1992,KENTUCKY,KY,665104,617178,0.5186877769476606
1992,LOUISIANA,LA,815971,733386,0.5266513786041565
1992,MAINE,ME,263420,206504,0.5605587286454831
1992,MARYLAND,MD,988571,707094,0.5829990003921766
1992,MASSACHUSETTS,MA,1318639,805039,0.6209222867120157
1992,MICHIGAN,MI,1871182,1554940,0.5461515964697112
1992,MINNESOTA,MN,1020997,747841,0.5772134022448636
1992,MISSISSIPPI,MS,400258,487793,0.45071510532615805
1992,MISSOURI,MO,1053873,811159,0.5650696610031356
1992,MONTANA,MT,154507,144207,0.517240571248753
1992,NEBRASKA,NE,216864,343678,0.3868826956766844
1992,NEVADA,NV,189148,175828,0.5182477751961773
1992,NEW HAMPSHIRE,NH,209040,202484,0.507965513554495
1992,NEW JERSEY,NJ,1436206,1356865,0.5142031835209345
1992,NEW MEXICO,NM,261617,212824,0.5514215676975641
1992,NEW YORK,NY,3346894,2041690,0.6211082540422493
1992,NORTH CAROLINA,NC,1114042,1134661,0.49541535720813284
1992,NORTH DAKOTA,ND,99168,136244,0.42125295227091225
1992,OHIO,OH,1984942,1894310,0.5116816334695452
1992,OKLAHOMA,OK,473066,592929,0.4437788169738132
1992,OREGON,OR,621314,475757,0.5663389151659282
1992,PENNSYLVANIA,PA,2239164,1791841,0.5554852946101531
1992,RHODE ISLAND,RI,213299,131601,0.6184372281820818
1992,SOUTH CAROLINA,SC,525514,577507,0.4764315457275972
1992,SOUTH DAKOTA,SD,124888,136718,0.4773896623166135
1992,TENNESSEE,TN,933521,841300,0.5259803664707596
1992,TEXAS,TX,2281815,2496071,0.47757836834114503
1992,UTAH,UT,183429,322632,0.3624642088601967
1992,VERMONT,VT,133592,88122,0.6025420135850691
1992,VIRGINIA,VA,1038650,1150517,0.4744498706585656
1992,WASHINGTON,WA,993037,731234,0.5759170107251123
1992,WEST VIRGINIA,WV,331001,241974,0.5776883808194074
1992,WISCONSIN,WI,1041066,930855,0.5279450850211544
1992,WYOMING,WY,68160,79347,0.46207976570603426
1996,ALABAMA,AL,662165,769044,0.46266128846311055
1996,ALASKA,AK,80380,122746,0.3957149749416618
1996,ARIZONA,AZ,653288,622073,0.5122377115185426
1996,ARKANSAS,AR,475171,325416,0.5935282486475548
1996,CALIFORNIA,CA,5119835,3828381,0.5721626523096894
1996,COLORADO,CO,671152,691848,0.4924079236977256
1996,CONNECTICUT,CT,735740,483109,0.6036350688231273
1996,DELAWARE,DE,140355,99062,0.5862365663256995
1996,DISTRICT OF COLUMBIA,DC,158220,17339,0.9012354820886426
1996,FLORIDA,FL,2546870,2244536,0.5315496119510641
1996,GEORGIA,GA,1053849,1080843,0.4936773080144583
1996,HAWAII,HI,205012,113943,0.6427615180824882
1996,IDAHO,ID,165443,256595,0.3920097242428407
1996,ILLINOIS,IL,2341744,1587021,0.5960509218545778
1996,INDIANA,IN,887424,1006693,0.46851593644954354
1996,IOWA,IA,620258,492644,0.5573338892373273
1996,KANSAS,KS,387659,583245,0.39927634452015853
1996,KENTUCKY,KY,636614,623283,0.5052905118434284
1996,LOUISIANA,LA,927837,712586,0.5656083827159214
1996,MAINE,ME,312788,186378,0.6266212041685532
1996,MARYLAND,MD,966207,681530,0.5863842348627238
1996,MASSACHUSETTS,MA,1571509,718058,0.6863782540541509
1996,MICHIGAN,MI,1989653,1481212,0.5732441336669677
1996,MINNESOTA,MN,1120380,766395,0.5938068927137576
1996,MISSISSIPPI,MS,394022,439838,0.472527762454129
1996,MISSOURI,MO,1025935,890016,0.5354703747642815
1996,MONTANA,MT,167922,179652,0.48312589549275836
1996,NEBRASKA,NE,236761,363467,0.39445177499216966
1996,NEVADA,NV,203974,199244,0.5058653135524703
1996,NEW HAMPSHIRE,NH,246166,196486,0.5561163171068921
1996,NEW JERSEY,NJ,1652361,1103099,0.599667932033127
1996,NEW MEXICO,NM,273495,232751,0.5402413056103159
1996,NEW YORK,NY,3649630,1738707,0.677320293812358
1996,NORTH CAROLINA,NC,1107849,1225938,0.4747001333026536
1996,NORTH DAKOTA,ND,106905,125050,0.4608868099415835
1996,OHIO,OH,2148222,1859883,0.5359694918172054
1996,OKLAHOMA,OK,488105,582315,0.4559939089329422
1996,OREGON,OR,649641,538152,0.5469311571965823
1996,PENNSYLVANIA,PA,2215819,1801169,0.5516120536083254
1996,RHODE ISLAND,RI,233050,104683,0.690042133874984
1996,SOUTH CAROLINA,SC,506152,573339,0.46888024078014545
1996,SOUTH DAKOTA,SD,139333,150543,0.48066414604865526
1996,TENNESSEE,TN,909146,863530,0.5128664234186056
1996,TEXAS,TX,2459683,2736167,0.4733937661787773
1996,UTAH,UT,221633,361911,0.3798051218074387
1996,VERMONT,VT,137894,80352,0.6318283038406202
1996,VIRGINIA,VA,1091060,1138350,0.4893940549293311
1996,WASHINGTON,WA,1123323,840712,0.5719465284478128
1996,WEST VIRGINIA,WV,327812,233946,0.5835466517610786
1996,WISCONSIN,WI,1071971,845029,0.5591919666145019
1996,WYOMING,WY,77934,105388,0.42512082565104026
2000,ALABAMA,AL,692611,941173,0.42393058078668905
2000,ALASKA,AK,79004,167398,0.3206305143627081
2000,ARIZONA,AZ,685341,781652,0.46717400832860145
2000,ARKANSAS,AR,422768,472940,0.47199310489579194
2000,CALIFORNIA,CA,5861203,4567429,0.5620298999907178
2000,COLORADO,CO,738227,883748,0.45514080056720974
2000,CONNECTICUT,CT,816015,561094,0.5925565804885452
2000,DELAWARE,DE,180068,137288,0.5674006478528845
2000,DISTRICT OF COLUMBIA,DC,171923,18073,0.9048769447777848
2000,FLORIDA,FL,2912253,2912790,0.49995390591966443
2000,GEORGIA,GA,1116230,1419720,0.4401624637709734
2000,HAWAII,HI,205286,137845,0.5982729628042934
2000,IDAHO,ID,138637,336937,0.29151509544255994
2000,ILLINOIS,IL,2589026,2019421,0.5618001031583959
2000,INDIANA,IN,901980,1245836,0.41995217467418067
2000,IOWA,IA,638517,634373,0.5016277918751817
2000,KANSAS,KS,399276,622332,0.39083092536471914
2000,KENTUCKY,KY,638923,872520,0.42272384734323426
2000,LOUISIANA,LA,792344,927871,0.4606075403365277
2000,MAINE,ME,319951,286616,0.5274784154100042
2000,MARYLAND,MD,1144008,813827,0.584322989424543
2000,MASSACHUSETTS,MA,1616487,878502,0.6478934376063381
2000,MICHIGAN,MI,2170418,1953139,0.5263460648173409
2000,MINNESOTA,MN,1168266,1109659,0.5128641197581132
2000,MISSISSIPPI,MS,404614,572844,0.4139451516075371
2000,MISSOURI,MO,1111138,1189924,0.48288051343249333
2000,MONTANA,MT,137126,240178,0.3634363802133028
2000,NEBRASKA,NE,231780,433862,0.34820519137914974
2000,NEVADA,NV,279978,301575,0.4814316150032757
2000,NEW HAMPSHIRE,NH,266348,273559,0.49332199804781196
2000,NEW JERSEY,NJ,1788850,1284173,0.5821140941672093
2000,NEW MEXICO,NM,286783,286417,0.5003192602930914
2000,NEW YORK,NY,3942215,2258577,0.6357599158301068
2000,NORTH CAROLINA,NC,1257692,1631163,0.4353600301849695
2000,NORTH DAKOTA,ND,95284,174852,0.3527260342938372
2000,OHIO,OH,2183628,2350363,0.4816127777933392
2000,OKLAHOMA,OK,474276,744337,0.38919328777881085
2000,OREGON,OR,720342,713577,0.5023589198553057
2000,PENNSYLVANIA,PA,2485967,2281127,0.5214847871680315
2000,RHODE ISLAND,RI,249508,130555,0.6564911606759932
2000,SOUTH CAROLINA,SC,566037,786892,0.4183789393234974
2000,SOUTH DAKOTA,SD,118804,190700,0.38385287427626136
2000,TENNESSEE,TN,981720,1061949,0.48037133214820993
2000,TEXAS,TX,2433746,3799639,0.3904372985143706
2000,UTAH,UT,203053,515096,0.2827449456867586
2000,VERMONT,VT,149022,119775,0.554403508967734
2000,VIRGINIA,VA,1217290,1437490,0.4585276369416675
2000,WASHINGTON,WA,1247652,1108864,0.5294477100940541
2000,WEST VIRGINIA,WV,295497,336475,0.46757925984062587
2000,WISCONSIN,WI,1242987,1237279,0.5011506830315781
2000,WYOMING,WY,60481,147947,0.2901769435968296
2004,ALABAMA,AL,693933,1176394,0.3710222864771775
2004,ALASKA,AK,111025,190889,0.3677371701875368
2004,ARIZONA,AZ,893524,1104294,0.4472499496951174
2004,ARKANSAS,AR,469953,572898,0.4506425174833222
2004,CALIFORNIA,CA,6745485,5509826,0.5504132045282245
2004,COLORADO,CO,1001732,1101255,0.47633770441757367
2004,CONNECTICUT,CT,857488,693826,0.5527494756058412
2004,DELAWARE,DE,200152,171660,0.5383150624509161
2004,DISTRICT OF COLUMBIA,DC,202970,21256,0.9052027864743607
2004,FLORIDA,FL,3583544,3964522,0.47476320424331214
2004,GEORGIA,GA,1366149,1914254,0.4164576730359044
2004,HAWAII,HI,231708,194191,0.5440444800293027
2004,IDAHO,ID,181098,409235,0.306772618166357
2004,ILLINOIS,IL,2891550,2345946,0.5520863404955345
2004,INDIANA,IN,969011,1479438,0.3957652375034154
2004,IOWA,IA,741898,751957,0.49663320737287087
2004,KANSAS,KS,434993,736456,0.3713290121891777
2004,KENTUCKY,KY,712733,1069439,0.39992380084526075
2004,LOUISIANA,LA,820299,1102169,0.4266905873075651
2004,MAINE,ME,396842,330201,0.545830164103086
2004,MARYLAND,MD,1334493,1024703,0.565655842075012
2004,MASSACHUSETTS,MA,1803800,1071109,0.6274285551299189
2004,MICHIGAN,MI,2479183,2313746,0.5172584446796521
2004,MINNESOTA,MN,1445014,1346695,0.5176091061066895
2004,MISSISSIPPI,MS,457766,672660,0.40494999230378637
2004,MISSOURI,MO,1259171,1455713,0.4638028733456015
2004,MONTANA,MT,173710,266063,0.39499923824336647
2004,NEBRASKA,NE,254328,512814,0.331526627404053
2004,NEVADA,NV,397190,418690,0.486824042751385
2004,NEW HAMPSHIRE,NH,340511,331237,0.5069028862013731
2004,NEW JERSEY,NJ,1911430,1670003,0.5337053631884221
2004,NEW MEXICO,NM,370942,376930,0.49599664113645114
2004,NEW YORK,NY,4180755,2806993,0.5982979065644611
2004,NORTH CAROLINA,NC,1525849,1961166,0.4375802799815888
2004,NORTH DAKOTA,ND,111052,196651,0.36090645850056713
2004,OHIO,OH,2741165,2859764,0.4894125599521079
2004,OKLAHOMA,OK,503966,959792,0.3442959833524394
2004,OREGON,OR,943163,866831,0.5210862577445008
2004,PENNSYLVANIA,PA,2938095,2793847,0.5125828209706239
2004,RHODE ISLAND,RI,259760,169046,0.6057751057587814
2004,SOUTH CAROLINA,SC,661669,937974,0.4136354174025079
2004,SOUTH DAKOTA,SD,149244,232584,0.39086709198906316
2004,TENNESSEE,TN,1036477,1384375,0.4281455454525927
2004,TEXAS,TX,2832704,4526917,0.38489808102890083
2004,UTAH,UT,241199,663742,0.2665356083987796
2004,VERMONT,VT,184067,121180,0.6030100213925116
2004,VIRGINIA,VA,1454742,1716959,0.4586630328646994
2004,WASHINGTON,WA,1510201,1304894,0.5364653768345296
2004,WEST VIRGINIA,WV,326541,423778,0.43520289370254517
2004,WISCONSIN,WI,1489504,1478120,0.5019180327426924
2004,WYOMING,WY,70776,167629,0.29687296826828297
2008,ALABAMA,AL,813479,1266546,0.39109097246427327
2008,ALASKA,AK,123594,193841,0.389352150834029
2008,ARIZONA,AZ,1034707,1230111,0.4568609928038368
2008,ARKANSAS,AR,422310,638017,0.3982827938928274
2008,CALIFORNIA,CA,8274473,5011781,0.622784495915854
2008,COLORADO,CO,1288576,1073589,0.5455063469317343
2008,CONNECTICUT,CT,997772,629428,0.6131833824975418
2008,DELAWARE,DE,255459,152374,0.6263813864988855
2008,DISTRICT OF COLUMBIA,DC,245800,17367,0.9340076833341566
2008,FLORIDA,FL,4282074,4045624,0.514196600308993
2008,GEORGIA,GA,1844123,2048759,0.47371664489188214
2008,HAWAII,HI,325871,120566,0.7299372587845542
2008,IDAHO,ID,236440,403012,0.3697541019497945
2008,ILLINOIS,IL,3419348,2031179,0.6273426404455936
2008,INDIANA,IN,1374039,1345648,0.5052195344537809
2008,IOWA,IA,828940,682379,0.5484877778946735
2008,KANSAS,KS,514765,699655,0.42387724181090564
2008,KENTUCKY,KY,751985,1048462,0.4176657241229539
2008,LOUISIANA,LA,782989,1148275,0.40542825838414637
2008,MAINE,ME,421923,295273,0.588295249834076
2008,MARYLAND,MD,1629467,959862,0.6293008729288553
2008,MASSACHUSETTS,MA,1904097,1108854,0.6319707821335295
2008,MICHIGAN,MI,2872579,2048639,0.5837130157615452
2008,MINNESOTA,MN,1573354,1275409,0.5522937499539273
2008,MISSISSIPPI,MS,554662,724597,0.43358069007136163
2008,MISSOURI,MO,1441911,1445814,0.4993242085032335
2008,MONTANA,MT,231667,242763,0.4883059671605927
2008,NEBRASKA,NE,333319,452979,0.4239092557783436
2008,NEVADA,NV,533736,412827,0.563867381251961
2008,NEW HAMPSHIRE,NH,384826,316534,0.548685411201095
2008,NEW JERSEY,NJ,2215422,1613207,0.5786462987142394
2008,NEW MEXICO,NM,472422,346832,0.5766490001879759
2008,NEW YORK,NY,4645332,2418323,0.6576385737978426
2008,NORTH CAROLINA,NC,2142651,2128474,0.5016596330006732
2008,NORTH DAKOTA,ND,141278,168601,0.4559134371803188
2008,OHIO,OH,2940044,2677820,0.5233384076225412
2008,OKLAHOMA,OK,502496,960165,0.343549188773065
2008,OREGON,OR,1037291,738475,0.5841372117722718
2008,PENNSYLVANIA,PA,3276363,2655885,0.5522970381548445
2008,RHODE ISLAND,RI,296571,165391,0.6419813750914577
2008,SOUTH CAROLINA,SC,862449,1034896,0.4545557081079087
2008,SOUTH DAKOTA,SD,170924,203054,0.45704292765884624
2008,TENNESSEE,TN,1087437,1479178,0.4236852819764554
2008,TEXAS,TX,3528633,4479328,0.4406406324905928
2008,UTAH,UT,327670,596030,0.35473638627259935
2008,VERMONT,VT,219262,98974,0.688991817393381
2008,VIRGINIA,VA,1959532,1725005,0.5318258440612755
2008,WASHINGTON,WA,1750848,1229216,0.5875202680210895
2008,WEST VIRGINIA,WV,303857,397466,0.4332625623286275
2008,WISCONSIN,WI,1677211,1262393,0.5705567824781841
2008,WYOMING,WY,82868,164958,0.3343797664490409
2012,ALABAMA,AL,795696,1255925,0.38783771466562295
2012,ALASKA,AK,122640,164676,0.4268470951843963
2012,ARIZONA,AZ,1025232,1233654,0.4538661977629681
2012,ARKANSAS,AR,394409,647744,0.3784559464877038
2012,CALIFORNIA,CA,7854285,4839958,0.6187281116329663
2012,COLORADO,CO,1323101,1185243,0.5274798831420252
2012,CONNECTICUT,CT,905083,634892,0.587725774769071
2012,DELAWARE,DE,242584,165484,0.5944695491927816
2012,DISTRICT OF COLUMBIA,DC,267070,21381,0.9258764920211752
2012,FLORIDA,FL,4237756,4163447,0.5044225213936623
2012,GEORGIA,GA,1773827,2078688,0.46043350901943275
2012,HAWAII,HI,306658,121015,0.7170384850107442
2012,IDAHO,ID,212787,420911,0.3357861315642467
2012,ILLINOIS,IL,3019512,2135216,0.585775233921169
2012,INDIANA,IN,1152887,1420543,0.447996254026727
2012,IOWA,IA,822544,730617,0.5295935192810017
2012,KANSAS,KS,440726,692634,0.38886673254746945
2012,KENTUCKY,KY,679370,1087190,0.38457227606195094
2012,LOUISIANA,LA,809141,1152262,0.4125317438588602
2012,MAINE,ME,401306,292276,0.5785992139357711
2012,MARYLAND,MD,1677844,971869,0.6332172578690598
2012,MASSACHUSETTS,MA,1921290,1188314,0.6178568074906001
2012,MICHIGAN,MI,2564569,2115256,0.5480053207117788
2012,MINNESOTA,MN,1546167,1320225,0.5394122646169819
2012,MISSISSIPPI,MS,562949,710746,0.4419810080121222
2012,MISSOURI,MO,1223796,1482440,0.45221333246620027
2012,MONTANA,MT,201839,267928,0.42965768136118543
2012,NEBRASKA,NE,302081,475064,0.38870609731774636
2012,NEVADA,NV,531373,463567,0.5340754216334653
2012,NEW HAMPSHIRE,NH,369561,329918,0.528337519782581
2012,NEW JERSEY,NJ,2122786,1478088,0.5895196555058577
2012,NEW MEXICO,NM,415335,335788,0.5529520464690869
2012,NEW YORK,NY,4324228,2223397,0.6604269487027739
2012,NORTH CAROLINA,NC,2178391,2270395,0.48965965096995
2012,NORTH DAKOTA,ND,124966,188320,0.39888791711088273
2012,OHIO,OH,2827621,2661407,0.5151405676924949
2012,OKLAHOMA,OK,443547,891325,0.3322768025698344
2012,OREGON,OR,970488,754175,0.5627116717874738
2012,PENNSYLVANIA,PA,2990274,2680434,0.5273193400189182
2012,RHODE ISLAND,RI,279677,157204,0.6401674597888212
2012,SOUTH CAROLINA,SC,865941,1071645,0.44691745295434626
2012,SOUTH DAKOTA,SD,145039,210610,0.4078150086180476
2012,TENNESSEE,TN,960709,1462330,0.3964892847370595
2012,TEXAS,TX,3308124,4569843,0.41992102784893615
2012,UTAH,UT,251813,740600,0.25373811104852517
2012,VERMONT,VT,199239,92698,0.6824725882639062
2012,VIRGINIA,VA,1971820,1822522,0.5196737668876448
2012,WASHINGTON,WA,1755396,1290670,0.5762829827062185
2012,WEST VIRGINIA,WV,238269,417655,0.36325702367957263
2012,WISCONSIN,WI,1620985,1410966,0.5346342998287241
2012,WYOMING,WY,69286,170962,0.2883936598847857
2016,ALABAMA,AL,729547,1318255,0.3562585640603926
2016,ALASKA,AK,116454,163387,0.4161434528893193
2016,ARIZONA,AZ,1161167,1252401,0.4810997659896054
2016,ARKANSAS,AR,380494,684872,0.35714862310229534
2016,CALIFORNIA,CA,8753788,4483810,0.6612822054272989
2016,COLORADO,CO,1338870,1202484,0.5268333337268244
2016,CONNECTICUT,CT,897572,673215,0.5714154751726364
2016,DELAWARE,DE,235603,185127,0.5599862144368122
2016,DISTRICT OF COLUMBIA,DC,282830,12723,0.9569518834185409
2016,FLORIDA,FL,4504975,4617886,0.4938116452722452
2016,GEORGIA,GA,1877963,2089104,0.47338827400696787
2016,HAWAII,HI,266891,128847,0.6744133745053545
2016,IDAHO,ID,189765,409055,0.31689823319194416
2016,ILLINOIS,IL,3090729,2146015,0.5902005139071148
2016,INDIANA,IN,1033126,1557286,0.3988269047549193
2016,IOWA,IA,653669,800983,0.4493645215487965
2016,KANSAS,KS,427005,671018,0.38888529657393334
2016,KENTUCKY,KY,628854,1202971,0.34329370982490137
2016,LOUISIANA,LA,780154,1178638,0.3982832276219221
2016,MAINE,ME,357735,335593,0.5159679112916253
2016,MARYLAND,MD,1677928,943169,0.6401624968476939
2016,MASSACHUSETTS,MA,1995196,1090893,0.646512786896295
2016,MICHIGAN,MI,2268839,2279543,0.4988233178303845
2016,MINNESOTA,MN,1367705,1322949,0.5083169370718048
2016,MISSISSIPPI,MS,485131,700714,0.4091015267593994
2016,MISSOURI,MO,1071068,1594511,0.40181439004433933
2016,MONTANA,MT,177709,279240,0.38890335682975563
2016,NEBRASKA,NE,284494,495961,0.3645232588682243
2016,NEVADA,NV,539260,512058,0.512937094199852
2016,NEW HAMPSHIRE,NH,348526,345790,0.501970284423807
2016,NEW JERSEY,NJ,2148278,1601933,0.5728419014290129
2016,NEW MEXICO,NM,385234,319667,0.5465079493432411
2016,NEW YORK,NY,4379789,2527142,0.6341150649977537
2016,NORTH CAROLINA,NC,2189316,2362631,0.48096254196281285
2016,NORTH DAKOTA,ND,93758,216794,0.30190757103480254
2016,OHIO,OH,2394164,2841005,0.45732315422864095
2016,OKLAHOMA,OK,420375,949136,0.30695262761671865
2016,OREGON,OR,1002106,782403,0.5615583894505436
2016,PENNSYLVANIA,PA,2926441,2970733,0.4962446419250984
2016,RHODE ISLAND,RI,252525,180543,0.5831070409265982
2016,SOUTH CAROLINA,SC,855373,1155389,0.4253974363947598
2016,SOUTH DAKOTA,SD,117458,227721,0.3402814192056875
2016,TENNESSEE,TN,870695,1522925,0.3637565695473801
2016,TEXAS,TX,3877868,4685047,0.45286774422028014
2016,UTAH,UT,310674,515211,0.37617101654588714
2016,VERMONT,VT,178573,95369,0.6518642632382037
2016,VIRGINIA,VA,1981473,1769443,0.528263762771547
2016,WASHINGTON,WA,1742718,1221747,0.5878693120006476
2016,WEST VIRGINIA,WV,188794,489371,0.27838947748704224
2016,WISCONSIN,WI,1382536,1405284,0.49592010961970284
2016,WYOMING,WY,55973,174419,0.2429468037084621
2020,ALABAMA,AL,849624,1441170,0.3708862516664528
2020,ALASKA,AK,153778,189951,0.4473815127615069
2020,ARIZONA,AZ,1672143,1661686,0.5015683167912931
2020,ARKANSAS,AR,423932,760647,0.3578756672201685
2020,CALIFORNIA,CA,11110250,6006429,0.6490891136066756
2020,COLORADO,CO,1804352,1364607,0.5693831949230015
2020,CONNECTICUT,CT,1080831,714717,0.6019504908807785
2020,DELAWARE,DE,296268,200603,0.5962674416498447
2020,DISTRICT OF COLUMBIA,DC,317323,18586,0.9446695384761944
2020,FLORIDA,FL,5297045,5668731,0.48305245337858443
2020,GEORGIA,GA,2473633,2461854,0.5011932966290864
2020,HAWAII,HI,366130,196864,0.6503266464651488
2020,IDAHO,ID,287021,554119,0.3412285707492213
2020,ILLINOIS,IL,3471915,2446891,0.5865904373280693
2020,INDIANA,IN,1242416,1729519,0.4180495199255704
2020,IOWA,IA,759061,897672,0.4581673691536295
2020,KANSAS,KS,570323,771406,0.4250657174436865
2020,KENTUCKY,KY,772474,1326646,0.36799897099737033
2020,LOUISIANA,LA,856034,1255776,0.4053555954370895
2020,MAINE,ME,435072,360737,0.5467040458200397
2020,MARYLAND,MD,1985023,976414,0.6702904704709234
2020,MASSACHUSETTS,MA,2382202,1167202,0.67115549540148145
2020,MICHIGAN,MI,2804040,2649852,0.5141355934440947
2020,MINNESOTA,MN,1717077,1484065,0.5363951364856667
2020,MISSISSIPPI,MS,539398,756764,0.4161501417261114
2020,MISSOURI,MO,1253014,1718736,0.4216417935559855
2020,MONTANA,MT,244786,343602,0.41602819907951893
2020,NEBRASKA,NE,374583,556846,0.40215947753398273
2020,NEVADA,NV,703486,669890,0.512231173400438
2020,NEW HAMPSHIRE,NH,424921,365654,0.5374834772159505
2020,NEW JERSEY,NJ,2608335,1883274,0.5807128358679484
2020,NEW MEXICO,NM,501614,401894,0.5551849015171975
2020,NEW YORK,NY,5230985,3244798,0.6171683489301224
2020,NORTH CAROLINA,NC,2684292,2758773,0.4931581746681328
2020,NORTH DAKOTA,ND,114902,235595,0.3278259157710337
2020,OHIO,OH,2679165,3154834,0.45923302352297285
2020,OKLAHOMA,OK,503890,1020280,0.3305996050309349
2020,OREGON,OR,1340383,958448,0.5830715698544173
2020,PENNSYLVANIA,PA,3458229,3377674,0.5058920525934906
2020,RHODE ISLAND,RI,307486,199922,0.6059935988395926
2020,SOUTH CAROLINA,SC,1091541,1385103,0.44073391250417904
2020,SOUTH DAKOTA,SD,150471,261043,0.365652201383185
2020,TENNESSEE,TN,1143711,1852475,0.38172229627933646
2020,TEXAS,TX,5259126,5890347,0.4716927876322047
2020,UTAH,UT,560282,865140,0.39306394878148365
2020,VERMONT,VT,242820,112704,0.6829918655280656
2020,VIRGINIA,VA,2413568,1962430,0.551546869993999
2020,WASHINGTON,WA,2369612,1584651,0.599255031847907
2020,WEST VIRGINIA,WV,235984,545382,0.3020146768607797
2020,WISCONSIN,WI,1630866,1610184,0.5031906326653399
2020,WYOMING,WY,73491,193559,0.27519565624414905
